"government,",1
"ever,",2
all,21
welcome,1
"elements,",1
consider,1
hands,1
"reason,",1
resistance,1
agitation.,1
new--north,1
four,2
macy,1
lecompton,2
perverted,1
go,1
"position,",1
lincoln.,1
"votes,",1
up.,2
whose,2
"up,",1
"cause,",1
prohibition.,2
"prohibition,",1
"territory,",2
to,96
finally,1
permanently,1
voted,12
excluded,1
late,1
suffered,1
falter,1
supreme,1
wiser,1
decision.,3
"decision,",6
"not"" policy,",1
string,1
"question,",2
far,1
"still,",1
inference?,1
seizes,1
putting,1
one.,1
"cease,",1
more.,1
month,1
exact,2
concurring,1
adaptations,1
"""that",1
trade--how,1
did,3
bill--i,1
particular,1
joined,1
fall--but,1
leave,2
these,2
timbers,1
does,2
caged,1
small,1
enhance,1
he,4
immunities,1
legislating,1
chase,1
prevent,1
"us,",4
come.,1
battle,1
"and,",1
other.,2
others?,1
"object,",1
object.,2
filled,1
preconcert.,1
state,9
a,1
further,1
misrepresent,1
expressive,1
"jurisdiction.""",1
"instead,",1
auxiliary,1
even,2
what,6
"change,",1
imported,1
constitution,1
assistance,1
circumstance,1
overlooked;,1
"him,",1
hostile,1
congressional,2
put,1
new,3
ever,3
public,5
presidential,3
told,1
outgoing,2
kicked,1
"free,",2
"timbers,",1
inauguration,1
loose,2
"court.""",1
acted;,1
contemplate,1
"machinery,",1
protection,1
let,1
meet,1
buy,1
intrusted,1
"reality,",1
"through,",1
yesterday--that,1
effected.,1
interposed,1
great,3
incoming,2
few--not,1
expressly,3
study,1
consummation.,1
"principle,",1
ones.,1
missouri;,1
amount,1
permit,1
action,1
opinion,4
quarrel,1
makes,1
doctrine.,2
involves,1
"doctrine,",2
carried.,1
term,1
constitution,10
case.,1
justice,1
merely,1
"proud,",1
apt,1
brought,1
verge,1
"know,",1
"""the",1
crisis,1
opponents,1
"africa,",1
use,1
from,13
would,5
up?,1
mustered,1
territory.,1
denounce,1
next,1
few,1
constitutionally,1
taken,1
president,1
wise,1
until,2
more,3
"himself,",1
extinction;,1
said,1
augmented.,1
advance,1
these,1
under,2
"trumbull,",1
"ability,",1
senator's,1
"feeling,",1
commenced,1
roger,2
"judges,",1
impulse,1
announce,1
cases,2
pieces,1
effort,1
behalf,1
must,1
"senate,",1
"why,",1
permits,2
this,13
us.,1
work,2
wrong.,1
"""squatter",1
ere,1
can,18
freedom,2
making,1
my,1
history,1
nearest,1
wishes,1
citizens,2
northern,1
give,3
"far,",1
proportions,1
"tending,",1
lion,1
vehemently,1
states,1
mr.,2
"free"" ""subject",1
allowed,1
sought,2
exclude,9
several,1
struck.,1
our,1
legislate,1
respective,1
lacks,1
end,1
rather,1
"scaffolding--or,",1
divided,1
inaugural,1
delay,2
till,2
hot,1
unquestionably,1
cling,2
oppose,2
personally,1
"we,"" said",1
"clearly,",1
construe,1
suffer,1
"idea,",1
intended,1
mind--the,1
may,12
after,3
them,2
"state,",2
"""squatter",2
"sovereignty,"" and",1
nebraska,14
"bosses,",1
"free""",1
such,10
law,4
man,3
a,66
decision?,1
refuse,1
short,1
third,2
object,1
hasty,1
light,1
many,1
"struggle,",1
advocates,1
so,6
ultimate,1
act.,2
every,3
kansas;,1
exhorted,1
down?,1
don't,1
over,4
soon,1
illinois,1
"policy,",1
through,4
"down,",1
"existence,",1
omitting,1
argued,1
"gained,",1
gained.,3
its,7
tendency,1
before,3
perfect,1
superior,1
"indorsement,",1
"trace,",1
"bill,",2
"""subject",2
how,5
"amendment,",1
",",2
better,2
sacred,2
convention.,1
"""but,"" said",1
choose,1
"workmen--stephen,",1
policy,2
covered,1
tenons,1
might,3
dred,9
master.,1
it.,6
then,7
"it,",6
future.,1
result.,1
largest,1
impossible,1
sooner,1
"territories,",1
"year,",1
mention,2
can,2
they,7
half,3
not,38
now,9
provision,1
nor,3
divided.,1
supreme,5
name,2
regularly,1
all.,1
"all,",1
whither,2
slavery,16
why,7
four,1
sufficiently,1
victory,1
"also,",2
each,1
found,1
winds.,1
mould,2
"free"" argument",1
weight,1
councils,1
house,3
"fact,",1
"negro,",1
reduce,1
constitute,1
vote,1
expect,3
fail--if,1
year,1
temporary,1
operation,1
lugged,1
out,3
living,1
opened,2
silliman,1
since,1
"apparent,",1
adventitious,1
abide,1
wholly,1
rightfully,2
"message,",1
sustain,1
"phrase,",1
"is,",3
"""it",1
cause,1
declaring,3
shows,1
in--in,1
belief,1
that--,1
this,7
given,1
free,5
quite,2
principle.,1
reason,1
base,1
either,1
circuit,1
nice,1
ask,1
senator,4
pretend,1
"discordant,",1
care,4
definition,1
"""property"" shall",1
years,2
congress,3
language,3
"perhaps,",1
could,3
omit,1
indorsing,1
days,1
times,1
length,1
shred,1
place,2
incorporated,1
follows:,1
conducted,1
think,1
first,4
already,2
territories.,1
satisfactory.,1
"too,",2
there,1
thereof,1
one,9
brave,1
logical,1
least,2
another,3
owner,1
reached,1
precisely,2
open,2
president's,2
little,2
be.,2
fair,1
"be,",1
needed,1
mclean,1
leading,2
property;,1
revive,1
carry,1
their,10
master,2
too,2
draft,1
white,1
perfectly,1
"property,",1
frame,2
speaking,1
"""let",1
offensive,1
that,51
"states,",2
states.,3
"much,",1
friends--those,1
negro,4
court,1
"was,",1
such,1
"forward,",1
believe,3
than,7
states;,2
"later,",1
hundred,2
"in,",1
plainly,3
gotten,1
second,1
dissolved--i,1
spirited,1
pampered,1
decided,1
"to,",2
were,5
"winds,",1
"however,",1
treated,1
declare,4
declares,3
and,91
adapted;,1
measure;,1
court,5
immediately;,1
mind,3
argument,2
douglas,4
gentlemen,1
fall.,1
indorsement?,1
alike,2
have,11
"up,"" shall",1
sand--helped,1
regulate,1
apparently,1
any,16
then,1
forthcoming,1
do.,1
"do,",2
"motives,",1
source,1
"slave,",2
self,2
indorse,1
"point,",2
chief,1
"""except",1
majority,1
law?,1
permanency,1
best,1
which,10
end.,1
rider,1
legislature,1
"that,",1
exactly,6
unless,1
"thing,",1
trace,1
though,1
who,5
educate,1
entertained.,1
most,1
chief,1
involving,1
plan,1
letter,1
"long,",1
nothing,2
see.,1
the,16
abraham,1
why,2
overlooked,1
appear,1
prove,1
especially,1
clear,1
indorsement,2
instrument,1
lie,1
order,2
denouncing,1
points,2
"""not",1
slaves,1
occasion,3
left,6
"construction,",1
institutions,1
came,2
gain,1
precise,1
"lacking,",1
"protection,",1
show,1
union,1
text,1
"one,",1
"sure,",1
"while,",1
bring,1
territorial,2
relation,1
impressively,1
under,2
carefully,1
descendant,1
find,1
fifth,1
ground,1
him.,1
we,5
democratic,1
"then,",1
with,14
republicans,2
enough,3
"ceased,",1
institution,1
accelerate,1
only,6
stand,1
"secondly,",1
enslave,1
constant,1
partially,1
dreaded,1
congressional,1
men,2
"republicans,",1
do,12
his,11
sense,1
get,2
there,1
express,1
chances,1
mission,1
joint,1
while,2
cannot,2
nearly,1
probably,2
differed.,2
designates,1
him,6
for,1
enemy,1
places,1
course,1
approach,1
buchanan,1
"freedom,",1
therefrom;,1
mistakes,1
"government.""",1
fitted,2
gathered,1
south.,1
bought,2
where,5
view,1
concert,1
district,1
our,2
africa,1
national,2
niche,1
"states,"" neither",1
"this,",1
resist,2
scaffolding--like,1
see,5
individual,2
are,11
"once,",1
"slavery.""",1
reputed,1
subject,3
"holds,",1
belligerent?,1
"mill,",1
still,1
"holder,",1
that,6
"""sacred",1
damaged,1
"design,",1
favor,2
state,6
"softly,",1
trade.,1
between,1
drawn,1
neither,1
"man,",1
outsiders,1
mortices,1
preparatory,1
"lion."" judge",1
we,25
never,2
historical,1
parental,1
dynasty,1
u.s.,2
spoiled,1
"disciplined,",1
"states.""",2
nation,1
"he,",1
"days,",1
his,2
opposition,2
african,1
"decide,",1
come,2
legislature,1
both,1
piece,4
last,1
"then,",2
met,2
transpiring.,1
annual,1
"wavering,",1
against,4
"but,",2
condition?,1
connection,1
"way,",1
is:,1
passing,2
adapted,2
"fail,",1
fail.,1
"places,",1
among,1
certainly,1
dynasty;,1
afterwards,1
facts,1
point,8
now?--now--when,1
indorsement.,1
whatever,1
maintained,1
lick,1
hope,1
"indispensable,",1
springs,1
"latter,",1
"sense,",1
"now,",3
"each,",1
basis,1
mounting,1
"""dred",1
political,1
territorial,1
been,7
.,1
election.,1
confident,1
"endure,",1
change,1
"president,",3
collected,1
expected,1
territory,6
wants,1
"taney,",1
of,1
fire,1
safely,1
thousand,3
overthrow,1
overwhelmingly,1
"""perfectly",4
"possibly,",1
judge,2
understand,1
"illinois,",2
declaration,2
talent,1
worked,1
present,3
"firm,",1
case,1
patting,1
be--he,1
save,1
toothless,1
look,1
external,1
how,1
amend,1
"dynasty,",1
reliable,1
bill,6
single,3
will,14
deferred,1
pressed,1
secured.,1
newspaper,1
"ask,",1
negroe's,2
"niche,",2
"decision,",1
"fitting,",1
"""a",1
agitation,1
almost,2
slavery?,1
is,34
"initiated,",1
thus,1
it,21
nelson.,1
"coming,",1
itself,1
in,48
ready,1
"slavery,",4
foreign,1
trade,2
if,10
tumbled,1
dead,2
different,5
"""a",1
author,2
lengths,1
things,2
make,4
"came,",1
state.,2
same,4
"state,",3
speak--compounded,1
"constitution.""",1
speech,1
obstacle.,1
james,1
revival,1
passed.,1
several,2
state?,1
infer,2
entitled,1
used,1
slave,6
forced,1
i,6
restraint,1
"can,",2
"heart"" to",1
upon,9
effect,1
"james,",1
hand,2
producers,1
1854.,1
necessity,1
dark,1
impressing,1
"made,",1
requests,1
made.,1
pleasantly,1
president,2
"event,",1
"thirdly,",1
it?,2
"people,",3
whole,1
floor,1
well,7
it,3
declamation,1
finds,2
states,7
doubtful.,1
without,2
machinery,3
have,1
in,2
very,2
hearts,1
the,243
latter,4
if,2
opinions,1
united,12
enemy.,1
capitol,1
just,4
less,2
being,3
"may,",1
"only,",2
domestic,1
rest,1
virginia,1
"sovereignty"" squatted",1
repealing,1
openly,1
cease,1
"doubts,",1
echoed,1
"constitution,",1
territory,1
yet,2
"case,",4
"but,",2
works,1
"work,",1
dissevered,1
are;,1
common,2
danger,1
had,7
evidences,1
possibly,1
arrest,1
spread,1
adoption,1
astonishment,1
citizen,1
"strange,",1
"scott,",1
cheapest?,1
has,12
stephen,1
ought,2
take,1
real,1
on,1
came.,1
government,1
did,1
"""sacred",1
advocate,1
unlimited,1
possible,2
"government,"" which",1
early,2
"action,",1
omission;,1
"address,",1
know,3
missouri,1
judge,1
using,1
vague,1
"opinion,",3
"stand.""",1
granted.,1
like,2
should,1
aptest,1
"facts,",1
remind,1
benefit,1
popular,1
become,2
voluntarily,1
conclusion,1
before,1
therein,2
right,7
old,1
people,18
"""care",2
limits.,1
"together,",3
back,2
authority,1
understood,1
sure,2
election,2
"members,",1
home,2
"we,",1
limits;,1
thinks,1
tending.,1
provided,1
for,16
decision,10
shall,10
1854,1
legal,1
"which,",1
does,4
let,3
"horse,",1
"answers,",1
be,36
"withheld,",1
squabble,2
run,2
and,4
power,8
election?,1
notable,1
"congress,",1
served,1
losing,1
by,20
reargument?,1
production?,1
free;,1
on,9
about,3
cautious,1
actual,1
working,2
anything,1
roar,1
of,121
stated.,1
cares,2
chance,1
douglas',3
free.,1
done,1
act,1
"itself,",1
or,24
"such,",1
"douglas,",1
re-argument.,1
"now,",1
own,4
"for,",1
"constitution."" what",1
into,10
within,1
two,1
framed,1
down,7
struggle,2
promise,2
but,5
doctrine,1
lawful,2
petting,1
approaching?,1
mere,3
court;,1
"friends,",1
acquiesced,1
"first,",1
additional,1
territories,2
constantly,1
question,5
"election,",4
long,1
restrained,2
dreaming,1
absolutely,1
avowed,2
fought,1
"declaration,",1
lot,1
suit,1
combination--piece,1
indorsements,1
was,26
"ahead,",1
indorsed,1
head,1
"limits,",1
same?,1
complete,1
form,1
specific--let,1
attempted,1
exhortation,1
"so,",1
but,10
so.,1
mysterious,1
ended,1
franklin,1
courts,2
"another,",1
"sovereignty,"" otherwise",1
"constitutions,",1
true,1
us--he,1
so?,1
he,34
"territory,",1
throw,1
made,7
portions,1
"elected,",1
"free""--unless",1
whether,8
wish,2
"are,",1
"unwelcome,",1
lawfully,2
up,3
us,7
tell,1
"franklin,",1
those,2
they,4
approaches,1
labored,1
"constitution,",3
this:,1
are:,1
called,1
thirteen,1
strongly,1
result,2
later,1
ordered,1
instance--and,1
whisper,1
an,9
deprive,1
to,1
as,28
lumped,1
held,2
at,7
"scott,"
" which",1
"court,",1
"beginning,",1
himself,1
beginning.,1
fill,1
"danger,",1
curtis,1
no,8
when,6
"back,",1
work--who,1
other,4
holding,1
really,1
principle,2
intimation?,1
formed,1
separate,1
opposition.,1
impress,1
"even,",1
strong.,1
prepared,1
advancement.,1
again;,1
meaning,1
fell,2
intent,1
fervently,1
"not,",1
advances,1
overthrown.,1
privileges,1
friends,1
"promise,",1
rightful,1
ago,1
"""public",1
undoubted,1
to-day,1
"whenever,",1
felicitation,1
scott's,1
"may,",1
cheaper,1
dog,1
foundry,1
together,1
original,2
blast,1
scott,7
at,1
time,1
push,1
awake,1
"slaves,",2
having,1
amendment.,1
